assertion_id,record_id,assertion_type,printed_form,start_line,start_character,review_status
asrt.98f3c685c3ca9df1f9579dad,003,FAUNA_MENTION,யானை,11,9,human_review_required
asrt.d0c61fc2e7ca7c41b3980412,003,COMMODITY_MENTION,பொன்,7,0,human_review_required
asrt.c64fd91febcc9b8fdeca1ff0,004,WATER_BODY_MENTION,கடல்,15,5,human_review_required
asrt.c340ac63bd6cf4af1b8dac0f,004,FAUNA_MENTION,புலி,9,15,human_review_required
asrt.7784a66b07f4a66c2825a914,004,WARFARE_MENTION,வாள்,1,0,human_review_required
asrt.9a7303c162e4a56b8d457ddc,006,FAUNA_MENTION,யானை,13,8,human_review_required
asrt.d9e8f8ceccff67742bdbecb2,007,FLORA_MENTION,மலர்,5,10,human_review_required
asrt.b82be8ff235cd16d41c540d3,007,FAUNA_MENTION,களிறு,1,0,human_review_required
asrt.86383f3949b670b94a97440a,011,ECONOMIC_ACTIVITY,வரி,3,0,human_review_required
asrt.0887375caee62379098bd70e,011,POLITICAL_RELATION,வேந்தன்,10,15,human_review_required
asrt.305a168ef877ae03e1cc123b,011,MUSIC_OR_PERFORMANCE,பாடல்,7,0,human_review_required
asrt.e4182420ed8258149c7545bd,012,COMMUNITY_MENTION,பாணர்,1,0,human_review_required
asrt.9ff4718a6c1ed868a403ba67,013,OCCUPATION_MENTION,உழவர்,11,5,human_review_required
asrt.e0b2f75ab57a1fc5e7062f84,014,COMMODITY_MENTION,பொன்,3,0,human_review_required
asrt.b844a7f52a1b531761f06c39,015,FAUNA_MENTION,களிறு,9,16,human_review_required
asrt.7fc27ba478878ad7ee8f4875,015,COMMODITY_MENTION,பொன்,12,8,human_review_required
asrt.d4d4de3d42c7e9c53d9074aa,016,FLORA_MENTION,மரம்,5,4,human_review_required
asrt.38892ac2638d7d5e6338567a,016,FLORA_MENTION,மலர்,13,14,human_review_required
asrt.1912ec72189c61e73bf3e6c5,016,FAUNA_MENTION,களிறு,6,15,human_review_required
asrt.fe460b0eb3303b7fd048b440,016,WARFARE_MENTION,வாள்,11,6,human_review_required
asrt.e6804b57cfae5c63cd0bdc15,017,MOUNTAIN_OR_HILL_MENTION,குன்று,3,0,human_review_required
asrt.0d55adecf491d0bf5efa6062,017,MOUNTAIN_OR_HILL_MENTION,மலை,3,8,human_review_required
asrt.9de539d967761cb7561af441,017,MOUNTAIN_OR_HILL_MENTION,மலை,10,11,human_review_required
asrt.3124b5ffc017aa4a02853383,017,FLORA_MENTION,மலர்,22,15,human_review_required
asrt.dd7365b8130b03b05648efc1,017,FAUNA_MENTION,களிறு,17,18,human_review_required
asrt.c09dda7ffb90647699855afc,017,FAUNA_MENTION,யானை,35,26,human_review_required
asrt.36a5a94898c2565cdf2ca5ae,018,RULER_MENTION,இறைவன்,26,0,human_review_required
asrt.20990f6b4f8e56c367028f33,021,FLORA_MENTION,வேங்கை,9,0,human_review_required
asrt.6badf6a48e243cfba81f1213,022,RULER_MENTION,ஆய்,15,1,human_review_required
asrt.022f39c384cda336aef5f717,022,FAUNA_MENTION,களிறு,8,17,human_review_required
asrt.ce1909009ffa2b86a00ee6f0,022,WARFARE_MENTION,வாள்,13,0,human_review_required
asrt.4818bf5a42dd2b29333d991d,024,FLORA_MENTION,நெல்,1,0,human_review_required
asrt.3c73249576171767dde6f403,024,GIFT_MENTION,ஈகை,18,6,human_review_required
asrt.5c6f5a2f90df44d88e27193c,024,GIFT_MENTION,ஈகை,30,14,human_review_required
asrt.e098b456886a3fa33d031ccf,026,WATER_BODY_MENTION,கடல்,1,4,human_review_required
asrt.640ebbce033168da5d347a0e,026,FAUNA_MENTION,களிறு,3,0,human_review_required
asrt.98ff6a3aff68fc2acaf90147,026,WARFARE_MENTION,முரசு,7,8,human_review_required
asrt.303028fe5295aa8e83d0e8e2,029,WARFARE_MENTION,முரசு,8,26,human_review_required
asrt.58bfec87866ed9239a9e65ac,031,WATER_BODY_MENTION,கடல்,13,4,human_review_required
asrt.df55c65c53d17353a5392391,031,WATER_BODY_MENTION,கடல்,13,26,human_review_required
asrt.e80b91558622fa835838110b,031,COMMUNITY_MENTION,மறவர்,9,30,human_review_required
asrt.14c2ef0c121003146c46dbdd,031,FAUNA_MENTION,களிறு,8,21,human_review_required
asrt.eeae86d6d91ff101990cdd62,031,WARFARE_MENTION,போர்,9,1,human_review_required
asrt.6685e62b62591145d83bdf11,032,GIFT_MENTION,பரிசில்,6,17,human_review_required
asrt.91346d276160ecabb54f8803,035,WARFARE_MENTION,முரசு,4,0,human_review_required
asrt.484f5b5363bda393da18d304,037,FAUNA_MENTION,யானை,12,9,human_review_required
asrt.4171c578211b667e97212aee,037,WARFARE_MENTION,வேல்,5,31,human_review_required
asrt.50caa33026cbf35077f73c3d,039,FAUNA_MENTION,யானை,2,0,human_review_required
asrt.6fbfe1d8f19c8a9b09ec6553,042,OCCUPATION_MENTION,உழவர்,13,26,human_review_required
asrt.66b16f3704be8ea5456d38fd,042,GIFT_MENTION,ஈகை,1,4,human_review_required
asrt.776fcaf44b0801d6f027ae56,042,WARFARE_MENTION,போர்,1,13,human_review_required
asrt.848f9e42e06438d997669bdb,043,COMMUNITY_MENTION,மறவர்,11,7,human_review_required
asrt.910f34e82a7d2cbe60cc23d8,043,GIFT_MENTION,ஈகை,8,6,human_review_required
asrt.55e162a729b190d1781e33f5,044,FAUNA_MENTION,யானை,5,7,human_review_required
asrt.24661472ff990a3b0221683d,047,GIFT_MENTION,பரிசில்,6,23,human_review_required
asrt.46f31a553e6ecd0d40fe0681,048,RULER_MENTION,இறைவன்,5,21,human_review_required
asrt.b62c147b194e3bd6bd7ca55b,051,WARFARE_MENTION,போர்,5,31,human_review_required
asrt.f5ae77c6aec046d5b9c8a957,056,WATER_BODY_MENTION,கடல்,3,0,human_review_required
asrt.7a0314f60d2fa98ce4849555,062,WARFARE_MENTION,முரசு,9,18,human_review_required
asrt.87b21b57a8925d950e3fcf37,064,FAUNA_MENTION,யானை,8,7,human_review_required
asrt.39d9cb1a39424f5799675c3b,065,OCCUPATION_MENTION,உழவர்,4,0,human_review_required
asrt.7d372163d6ba7d28538ecf68,065,WARFARE_MENTION,வாள்,11,0,human_review_required
asrt.7397cb5e82a00550aa211ffb,065,POLITICAL_RELATION,வேந்தன்,9,8,human_review_required
asrt.0df5611e74702098d5b96b49,065,POLITICAL_RELATION,மன்னன்,10,24,human_review_required
asrt.877a1916afe57f0cc8881bae,065,MUSIC_OR_PERFORMANCE,யாழ்,1,21,human_review_required
asrt.6200f27d3bfcab09b15b2459,068,COMMUNITY_MENTION,மறவர்,13,7,human_review_required
asrt.99d7c44a91182266285f9124,068,FAUNA_MENTION,யானை,16,24,human_review_required
asrt.9c65568e1d9c804d8dee5db6,070,GIFT_MENTION,ஈகை,18,22,human_review_required
asrt.458ba802ab8e2eb0bedc1332,073,FAUNA_MENTION,புலி,7,7,human_review_required
asrt.9b420da0c5f0f2130f89a9d6,078,KINSHIP_MENTION,தந்தை,11,0,human_review_required
asrt.9de04fe7663a813437ea4c64,080,FAUNA_MENTION,யானை,7,21,human_review_required
asrt.9a106a6d522df4501095ded0,080,WARFARE_MENTION,போர்,6,0,human_review_required
asrt.74b856f07f9b14e0403c04b9,086,FAUNA_MENTION,புலி,3,0,human_review_required
asrt.36647bdedd6ec3be2dbe04cc,087,WARFARE_MENTION,போர்,1,31,human_review_required
asrt.d8789f23ac8a4700efe615e7,089,WARFARE_MENTION,போர்,9,4,human_review_required
asrt.d83726a5ed769ebd0486f784,093,COMMUNITY_MENTION,மறவர்,10,10,human_review_required
asrt.c02fc75dfa8b643bf5453f22,093,FAUNA_MENTION,யானை,13,7,human_review_required
asrt.6c9a30705b8e96cdc2808444,097,WATER_BODY_MENTION,கடல்,14,30,human_review_required
asrt.a80792f98bf5727746d76b44,097,COMMUNITY_MENTION,மறவர்,11,26,human_review_required
asrt.b29b0d06fd99fea724aa9a6f,097,WARFARE_MENTION,வாள்,1,31,human_review_required
asrt.0448b66c3f85b6087edd805f,098,FAUNA_MENTION,களிறு,3,5,human_review_required
asrt.7e5d8b65cb4a53d30d703699,098,WARFARE_MENTION,வாள்,12,0,human_review_required
asrt.c53eee7c58bb91dd522c96c2,100,ECONOMIC_ACTIVITY,வரி,5,0,human_review_required
asrt.e24f29798088e7da8ef2f040,101,FAUNA_MENTION,யானை,4,15,human_review_required
asrt.5df7fffbea9eb2195b0ca765,101,GIFT_MENTION,பரிசில்,5,10,human_review_required
asrt.a590ddad75443d39938151b4,103,FAUNA_MENTION,களிறு,7,20,human_review_required
asrt.8ce48f2f8a7bd7cb16543bc4,103,WARFARE_MENTION,வேல்,8,21,human_review_required
asrt.f7b7994ce3ec89a96829b798,104,FAUNA_MENTION,களிறு,3,17,human_review_required
asrt.065bda1ab60d4d5f593bcacf,105,WARFARE_MENTION,வாள்,1,17,human_review_required
asrt.7ecbae4707a86457c8d39c21,109,OCCUPATION_MENTION,உழவர்,3,0,human_review_required
asrt.fe28709f0d4ad44930ffe77d,109,FAUNA_MENTION,மீன்,10,0,human_review_required
asrt.96b1fa3454ebc924d5f9c0ea,111,FLORA_MENTION,மலர்,3,13,human_review_required
asrt.a72257ff97f0a7f641326c92,114,FAUNA_MENTION,களிறு,3,0,human_review_required
asrt.81c0794d8fc40ab78651720d,115,COMMUNITY_MENTION,பாணர்,2,0,human_review_required
asrt.a0842b97a29689a4aa5572fe,115,FAUNA_MENTION,யானை,5,7,human_review_required
asrt.35993280e750e64644d63426,115,WARFARE_MENTION,வேல்,4,30,human_review_required
asrt.fefdde77c9a89c3133c8dd6d,116,KINSHIP_MENTION,தந்தை,14,22,human_review_required
asrt.844263e7df0037ef10a69ef1,116,FLORA_MENTION,மரம்,12,16,human_review_required
asrt.15be49f67011135fc1b2e80c,116,COMMODITY_MENTION,உப்பு,8,0,human_review_required
asrt.2a2600725bfbc70579f0dd63,116,WARFARE_MENTION,போர்,16,14,human_review_required
asrt.b61469dda95cb42d597d166c,117,RULER_MENTION,ஆய்,10,0,human_review_required
asrt.b5413b4465b902dae4950031,117,KINSHIP_MENTION,தந்தை,10,18,human_review_required
asrt.7f737541d731d421daec1761,117,FLORA_MENTION,முல்லை,9,7,human_review_required
asrt.0fae73dcef0b7b44438f3497,117,FAUNA_MENTION,மீன்,1,5,human_review_required
asrt.303bd2fa291a8c70e328db06,118,WARFARE_MENTION,வேல்,4,5,human_review_required
asrt.606bc896bdb5b172cc84c4fb,120,KINSHIP_MENTION,தந்தை,17,27,human_review_required
asrt.bd5ca8ea2fd69b99439cf71c,121,GIFT_MENTION,பரிசில்,2,15,human_review_required
asrt.40109475313a4bc28a0db869,122,WATER_BODY_MENTION,கடல்,1,0,human_review_required
asrt.e58b2f04b6f305bb63bc4542,125,FAUNA_MENTION,களிறு,9,13,human_review_required
asrt.38191441d086d1725298d857,126,COMMUNITY_MENTION,பாணர்,1,32,human_review_required
asrt.2ccdf2778c0ae14e347c3089,126,FAUNA_MENTION,யானை,1,8,human_review_required
asrt.a54b7dd4a69d9f4b7aac6ede,126,COMMODITY_MENTION,பொன்,1,19,human_review_required
asrt.e88d557182ceb7dc546df281,127,COMMUNITY_MENTION,பாணர்,2,16,human_review_required
asrt.56d209ab6b6618518db49c7c,127,GIFT_MENTION,ஈகை,5,0,human_review_required
asrt.3a358e6a72f82459adc69f41,128,KINSHIP_MENTION,மகள்,6,4,human_review_required
asrt.3fc2d06ecfcb6cd28b60c832,129,FLORA_MENTION,வேங்கை,3,0,human_review_required
asrt.fe89e5392563e766a89d6945,130,FAUNA_MENTION,யானை,5,7,human_review_required
asrt.5c3ed3340bfd7ad0bafcb647,131,FAUNA_MENTION,களிறு,4,0,human_review_required
asrt.fc12411b707b2b837996be81,135,COMMUNITY_MENTION,பாணர்,16,0,human_review_required
asrt.9cf4e9000beedeef880203b3,135,FAUNA_MENTION,யானை,12,7,human_review_required
asrt.3405b91f06aee2387b30c684,136,RULER_MENTION,ஆய்,15,32,human_review_required
asrt.ab61a2cdf85320298ac8a0ad,136,FLORA_MENTION,மரம்,12,0,human_review_required
asrt.6f1ca7676ed4090a235eef43,136,GIFT_MENTION,பரிசில்,24,17,human_review_required
asrt.cedf195996bd6ab0b15c66a0,137,KINSHIP_MENTION,தந்தை,14,16,human_review_required
asrt.98ae420ac4a4c9829e48736f,137,FLORA_MENTION,வேங்கை,9,10,human_review_required
asrt.cc2c3e226be25bb0475ccd5b,137,FAUNA_MENTION,யானை,1,26,human_review_required
asrt.48d6736e437dd88da7daddfb,137,COMMODITY_MENTION,பொன்,10,0,human_review_required
asrt.e0c2b7531fae35a15d2c5acb,139,GIFT_MENTION,பரிசில்,9,14,human_review_required
asrt.1490ced608891bc5edbae547,144,FLORA_MENTION,முல்லை,14,0,human_review_required
asrt.e423b213719132de322b500f,145,GIFT_MENTION,பரிசில்,8,15,human_review_required
asrt.684c894becec7743f30c54c9,146,GIFT_MENTION,பரிசில்,5,0,human_review_required
asrt.57380390366c017558c69af1,147,GIFT_MENTION,பரிசில்,9,12,human_review_required
asrt.813ee4e956d29a8e336c037b,148,GIFT_MENTION,பரிசில்,4,25,human_review_required
asrt.d82580e51a336982d782e043,152,RULER_MENTION,இறைவன்,19,0,human_review_required
asrt.b556de661668f74421cac825,152,FAUNA_MENTION,மான்,26,19,human_review_required
asrt.e46102e416a233054dd29672,152,GIFT_MENTION,ஈகை,32,6,human_review_required
asrt.f0cab107d66972eedf347488,152,WARFARE_MENTION,போர்,24,26,human_review_required
asrt.9fb433f0c52b5464eddea5f8,153,FAUNA_MENTION,யானை,2,7,human_review_required
asrt.fcc5f018ee3d387960d48739,153,FAUNA_MENTION,யானை,9,0,human_review_required
asrt.f6145cdb63e9c444be16c6cf,154,MUSIC_OR_PERFORMANCE,பாடல்,13,19,human_review_required
asrt.765bfa058e4ca4d9a8d18f83,158,GIFT_MENTION,ஈகை,7,5,human_review_required
asrt.739cb139697af6f3f47d58b0,159,GIFT_MENTION,பரிசில்,23,14,human_review_required
asrt.01047ec562eb03b97d0260ad,160,RULER_MENTION,குமணன்,11,23,human_review_required
asrt.c92bc41f7f0fe971ebc67d6d,161,WATER_BODY_MENTION,ஆறு,9,23,human_review_required
asrt.dfd8aba64dbcb1020877aee3,161,WARFARE_MENTION,வாள்,31,0,human_review_required
asrt.ca9d097e65d34360ff99be63,162,FAUNA_MENTION,யானை,6,8,human_review_required
asrt.fce613e5b22ad2c77b4b842d,162,GIFT_MENTION,பரிசில்,6,17,human_review_required
asrt.8d75ec0413f19b61e56d1674,163,RULER_MENTION,குமணன்,9,13,human_review_required
asrt.027660c3cb547e91d0510f44,165,FAUNA_MENTION,யானை,7,7,human_review_required
asrt.118dc33d9564a19800c184ae,167,WARFARE_MENTION,படை,2,0,human_review_required
asrt.9bb9b72c84a92e93e3865403,169,MOUNTAIN_OR_HILL_MENTION,குன்று,5,0,human_review_required
asrt.1470a66a909cb37899d21d74,169,GIFT_MENTION,பரிசில்,8,14,human_review_required
asrt.4787688b4f9cdc6383f70e15,170,FAUNA_MENTION,யானை,10,8,human_review_required
asrt.a155d0ea7c17496f3b27d568,173,COMMUNITY_MENTION,பாணர்,2,0,human_review_required
asrt.0ae186438be74a0734316dae,174,COMMUNITY_MENTION,மறவர்,12,12,human_review_required
asrt.98f9f6c90d6fba0348e12afc,177,FAUNA_MENTION,யானை,3,21,human_review_required
asrt.3107dd965a743fe02774b998,179,WARFARE_MENTION,படை,6,0,human_review_required
asrt.e553a3e961ed7ebbaf6806af,179,WARFARE_MENTION,வாள்,6,14,human_review_required
asrt.6e8d15047aec369b4f129b93,179,POLITICAL_RELATION,வேந்தன்,8,16,human_review_required
asrt.e1450d9d42d69a99001434d2,181,GIFT_MENTION,பரிசில்,10,11,human_review_required
asrt.108120b4fe6b7cccb95840bc,183,WATER_BODY_MENTION,ஆறு,7,13,human_review_required
asrt.4ac1630a217dd03da1817612,184,FAUNA_MENTION,யானை,10,0,human_review_required
asrt.1f5f1ecc39f820849d0a32ae,184,POLITICAL_RELATION,வேந்தன்,5,8,human_review_required
asrt.0a29aedebbb0cd93b60960ab,186,POLITICAL_RELATION,மன்னன்,2,0,human_review_required
asrt.302497e44a1a34075f3b136b,201,PERSON_MENTION,பாரி மகளிர்,5,9,human_review_required
asrt.d93085bd5fc4f7836fe2085f,201,KINSHIP_MENTION,தந்தை,6,0,human_review_required
asrt.f098300b9e4b88d7bc322b39,202,PERSON_MENTION,பாரி மகளிர்,15,6,human_review_required
asrt.cdc56f411f96d9c3438363ca,202,FLORA_MENTION,வேங்கை,18,29,human_review_required
asrt.57998c4ce65ce8a14c10a663,206,GIFT_MENTION,பரிசில்,4,23,human_review_required
asrt.36b8bac4cf1e38277c312901,207,GIFT_MENTION,பரிசில்,4,21,human_review_required
asrt.0a0843da1ef5ee464760502e,208,GIFT_MENTION,பரிசில்,2,10,human_review_required
asrt.0aa3a8b70684b9e0ff8a4d29,211,WARFARE_MENTION,முரசு,5,0,human_review_required
asrt.422b979f3330f8793813f81b,212,PERSON_MENTION,கோப்பெருஞ் சோழன்,8,11,human_review_required
asrt.0d5f2e9f8832ea78ecc10d74,212,RULER_MENTION,கோப்பெருஞ் சோழன்,8,11,human_review_required
asrt.cb3331fc19e00ffd88007a34,212,COMMUNITY_MENTION,பாணர்,6,24,human_review_required
asrt.ae06a3cb441e833c73d01920,214,FAUNA_MENTION,யானை,4,0,human_review_required
asrt.7fda8d1f7f87d329c01b82fb,221,SOCIAL_PRACTICE,நடுகல்,13,0,human_review_required
asrt.69576449eb309fbc0f02a34b,223,SOCIAL_PRACTICE,நடுகல்,3,9,human_review_required
asrt.f5a9270a6b2f8660774f9f10,228,FAUNA_MENTION,யானை,10,12,human_review_required
asrt.a955dc23d8d9d96c94feb33e,229,FAUNA_MENTION,யானை,18,9,human_review_required
asrt.bc4ed2830ad78adcd3ced258,229,GIFT_MENTION,ஈகை,26,18,human_review_required
asrt.3aca545e9a07194cf4c26488,232,SOCIAL_PRACTICE,நடுகல்,3,0,human_review_required
asrt.c5a9e84835d98a4d0967a3dc,233,FAUNA_MENTION,யானை,2,6,human_review_required
asrt.f2b051617553f8cc53960979,236,MOUNTAIN_OR_HILL_MENTION,மலை,3,0,human_review_required
asrt.b531d24d97ac8307f3a79500,237,GIFT_MENTION,பரிசில்,19,10,human_review_required
asrt.d8752b29c531d5488b378bba,239,FAUNA_MENTION,களிறு,15,11,human_review_required
asrt.a584822c9a2504e4b17f59d5,239,WARFARE_MENTION,படை,12,6,human_review_required
asrt.14f9debfea7aebc61cc4fb0e,244,COMMUNITY_MENTION,பாணர்,1,0,human_review_required
asrt.d9777c115e434d05f77c29ea,247,FAUNA_MENTION,யானை,1,0,human_review_required
asrt.3f5e9aed316f5d6dff37685b,249,ECONOMIC_ACTIVITY,வரி,11,29,human_review_required
asrt.d06d32dcfcd4b0c82fcbbef4,250,KINSHIP_MENTION,தந்தை,8,21,human_review_required
asrt.a519727931400f6c4df7fa37,251,FAUNA_MENTION,யானை,5,4,human_review_required
asrt.0d947b5cbbd470e3369d2a93,254,KINSHIP_MENTION,மகன்,8,28,human_review_required
asrt.f68b3a36737f640a6bd7d97b,255,FAUNA_MENTION,புலி,1,16,human_review_required
asrt.043c2cbd52c29703866e54c4,259,COMMUNITY_MENTION,மறவர்,3,8,human_review_required
asrt.2bbce33889743b17b4f871ce,260,COMMUNITY_MENTION,மறவர்,17,26,human_review_required
asrt.9a90ad7743d8d746046f5d11,261,FAUNA_MENTION,யானை,7,6,human_review_required
asrt.7471bfaf76ecc730c14b0f7f,261,SOCIAL_PRACTICE,நடுகல்,15,16,human_review_required
asrt.e67f478157486ebef791dcee,265,FLORA_MENTION,வேங்கை,2,10,human_review_required
asrt.b53f7687268a46d1c23e5a67,265,FAUNA_MENTION,யானை,8,12,human_review_required
asrt.6eac04672ab5cf2f8099c141,270,COMMUNITY_MENTION,மறவர்,9,24,human_review_required
asrt.1fdef4805645c48ed2e98743,270,FAUNA_MENTION,யானை,2,25,human_review_required
asrt.fd2bffdded27018f66c14a23,279,FAUNA_MENTION,யானை,4,0,human_review_required
asrt.3de0400d9892e0e15a2d587a,287,FAUNA_MENTION,யானை,5,21,human_review_required
asrt.2ccec25f6305b970412c2445,287,WARFARE_MENTION,வேல்,4,16,human_review_required
asrt.ce62064b25b34ab0e70b7259,287,POLITICAL_RELATION,வேந்தன்,13,5,human_review_required
asrt.cd9074d896de15d84652fd4b,290,KINSHIP_MENTION,தந்தை,3,27,human_review_required
asrt.612e0968d96613a878abe7e5,290,FAUNA_MENTION,யானை,2,12,human_review_required
asrt.0170e31e5fcb8952b91ee905,293,FAUNA_MENTION,யானை,1,20,human_review_required
asrt.548fa039341525fb64114dab,299,POLITICAL_RELATION,மன்னன்,1,22,human_review_required
asrt.2cc64842edb94a9f2ba42731,302,FAUNA_MENTION,களிறு,9,12,human_review_required
asrt.89a0462353aa885d253c38a1,303,FAUNA_MENTION,யானை,9,15,human_review_required
asrt.7490869b403d4f0d4d55cb67,304,POLITICAL_RELATION,வேந்தன்,9,25,human_review_required
asrt.367be01310903d00eb3da1b6,306,SOCIAL_PRACTICE,நடுகல்,4,0,human_review_required
asrt.ea3b4958249829f984be987d,307,FAUNA_MENTION,யானை,11,8,human_review_required
asrt.e9215b654b317ed7b9b931f9,307,ECONOMIC_ACTIVITY,வரி,4,6,human_review_required
asrt.53cc2c1045a6ef322cfde1e6,308,FAUNA_MENTION,யானை,5,10,human_review_required
asrt.409b45bf84763da99555b7da,308,POLITICAL_RELATION,மன்னன்,4,7,human_review_required
asrt.002061ad6c3609aab6e2ab93,314,SOCIAL_PRACTICE,நடுகல்,3,0,human_review_required
asrt.0d764dcf6ec9f95aa1de4acc,316,RULER_MENTION,இறைவன்,4,9,human_review_required
asrt.cc75957ff8140693665d0d00,316,COMMUNITY_MENTION,பாணர்,4,26,human_review_required
asrt.78d90fcd80189345f1e135cd,316,FAUNA_MENTION,யானை,12,8,human_review_required
asrt.9db2d876bf15a22e016707c4,318,COMMUNITY_MENTION,பாணர்,5,0,human_review_required
asrt.f240b8eb288bb60869a68056,319,POLITICAL_RELATION,மன்னன்,12,7,human_review_required
asrt.f012b631f195cecea370b334,323,GIFT_MENTION,ஈகை,4,25,human_review_required
asrt.e8f4c3490b588ab27de0764f,323,WARFARE_MENTION,வாள்,5,24,human_review_required
asrt.c49bf5446b416b148f80ed09,326,FAUNA_MENTION,யானை,14,7,human_review_required
asrt.187e50d491c672ce32b37b0e,327,COMMUNITY_MENTION,பாணர்,4,7,human_review_required
asrt.6fe0ea0b4b68ad9bc5ffc54f,333,FAUNA_MENTION,யானை,17,7,human_review_required
asrt.443037085b225ee41e30df79,333,GIFT_MENTION,பரிசில்,19,0,human_review_required
asrt.74e7d72a4135f3ff655f37cd,334,COMMUNITY_MENTION,பாணர்,6,0,human_review_required
asrt.6a65fdf9117525923661e1bd,334,GIFT_MENTION,பரிசில்,10,0,human_review_required
asrt.409c289b135f8b64c8c8b693,335,FLORA_MENTION,முல்லை,2,21,human_review_required
asrt.d401acad925a76d37f785692,336,FLORA_MENTION,வேங்கை,9,0,human_review_required
asrt.5ca7ea6d11d9c68db66e5ee6,337,FAUNA_MENTION,யானை,15,9,human_review_required
asrt.056db6a609e76395fc9eadd0,338,FLORA_MENTION,நெல்,2,0,human_review_required
asrt.9eefd95ed78c8da3418d29a2,338,COMMODITY_MENTION,பொன்,2,19,human_review_required
asrt.1c4e15cfe5394805e54ad840,338,POLITICAL_RELATION,மன்னன்,12,9,human_review_required
asrt.ec682b305fd9b1e3c41da62c,339,WATER_BODY_MENTION,கடல்,7,0,human_review_required
asrt.c79b2f9db2e2168d502fec8d,339,FAUNA_MENTION,யானை,13,10,human_review_required
asrt.5d1c7aec7bc04694566d0e2c,340,KINSHIP_MENTION,தந்தை,6,23,human_review_required
asrt.87dc2da23123d3e983cd47dc,340,FAUNA_MENTION,யானை,7,23,human_review_required
asrt.6ed3b733d2454c89a8d6b2b0,341,KINSHIP_MENTION,தந்தை,3,29,human_review_required
asrt.aa50bf5a731c9c156e46ea89,343,WATER_BODY_MENTION,கடல்,7,14,human_review_required
asrt.8c1ddb727a3755d0fe28f64c,343,WATER_BODY_MENTION,கடல்,10,8,human_review_required
asrt.c4a26b0972a87a16ec07830c,343,FLORA_MENTION,நெல்,1,15,human_review_required
asrt.36a8af7d65aedf038da43da7,343,FAUNA_MENTION,மீன்,1,1,human_review_required
asrt.a601b2bafbced2d6e0f28c64,345,COMMUNITY_MENTION,மறவர்,5,6,human_review_required
asrt.406ebfd668d8b4e7fd16d425,345,FAUNA_MENTION,களிறு,1,0,human_review_required
asrt.211c2c6bf7baf1114db63608,347,FAUNA_MENTION,யானை,11,10,human_review_required
asrt.726bb0e0d7c66c21750a17b8,348,FAUNA_MENTION,மீன்,4,0,human_review_required
asrt.43b1b501aeacdced2c5909be,348,FAUNA_MENTION,யானை,9,10,human_review_required
asrt.8107ad02558ad5afc8c0ff71,350,WARFARE_MENTION,போர்,7,25,human_review_required
asrt.6625ca78cb776ac63a2e566a,353,POLITICAL_RELATION,மன்னன்,11,9,human_review_required
asrt.fa62c6ff3c23e64a1f299009,357,MOUNTAIN_OR_HILL_MENTION,குன்று,1,0,human_review_required
asrt.dfafaa8f4e6d9b6e2ad490a4,360,GIFT_MENTION,பரிசில்,13,29,human_review_required
asrt.ba12a70b24beaea8df469ab7,368,FAUNA_MENTION,களிறு,1,0,human_review_required
asrt.7d3dd9243edb36009a0a0075,369,COMMUNITY_MENTION,மறவர்,3,9,human_review_required
asrt.1ed83634ea76d7efa904f834,369,FAUNA_MENTION,யானை,2,8,human_review_required
asrt.d2d5e4c49f3284404a48f8c5,371,FAUNA_MENTION,யானை,13,0,human_review_required
asrt.6219cffe68f804e9846a6f63,373,COMMUNITY_MENTION,மறவர்,25,6,human_review_required
asrt.bc2294a75277393137ffb13a,374,ECONOMIC_ACTIVITY,வரி,14,19,human_review_required
asrt.97daa6fabe22b741c46ec9d1,376,COMMUNITY_MENTION,பாணர்,5,0,human_review_required
asrt.0379a5d2d74ce956e23aa8af,377,WATER_BODY_MENTION,கடல்,16,0,human_review_required
asrt.2a19d2153463524c73ac2739,377,WATER_BODY_MENTION,கடல்,28,0,human_review_required
asrt.ff9798593789c93df81f7efa,378,WARFARE_MENTION,வாள்,2,10,human_review_required
asrt.53d565646cdf810813de6b38,382,WATER_BODY_MENTION,கடல்,1,0,human_review_required
asrt.86ace92091e562af04047de0,382,WARFARE_MENTION,படை,1,5,human_review_required
asrt.908304bd21051c695c107181,384,OCCUPATION_MENTION,உழவர்,8,18,human_review_required
asrt.b62971ed1e26aee96ecd7e17,384,FLORA_MENTION,நெல்,11,0,human_review_required
asrt.9eca4b0a22d3ebc2bc18b7cc,384,COMMODITY_MENTION,பொன்,11,14,human_review_required
asrt.8c020d430e2acde884b399c6,387,MOUNTAIN_OR_HILL_MENTION,குன்று,22,0,human_review_required
asrt.5992af9c9628e80dd54b1aec,388,RULER_MENTION,சிறுகுடி கிழான் பண்ணன்,4,0,human_review_required
asrt.9ba128938e2f710b93fc8cdd,388,FAUNA_MENTION,யானை,15,7,human_review_required
asrt.a4e7c621351f27af4bad3d6d,390,FLORA_MENTION,வேங்கை,21,8,human_review_required
asrt.26c9be193684adc64a7ad70d,390,FAUNA_MENTION,யானை,28,7,human_review_required
asrt.c41eecdca0a366b2cf8a5e26,394,KINSHIP_MENTION,தந்தை,8,29,human_review_required
asrt.9cf80666c3079125d4fb00c8,394,GIFT_MENTION,பரிசில்,17,11,human_review_required
asrt.5b192903db160f7a4012e49b,395,OCCUPATION_MENTION,உழவர்,1,18,human_review_required
asrt.50421a973eb24b548e3e02a4,396,FAUNA_MENTION,மீன்,1,12,human_review_required
asrt.9943f888bba8a18f6ba55cb7,396,FAUNA_MENTION,மீன்,26,13,human_review_required
asrt.4deb71be85633ec971731f2a,398,COMMUNITY_MENTION,பாணர்,4,23,human_review_required
asrt.73663f17a8b7e56a0e08b4ae,399,COMMUNITY_MENTION,மறவர்,19,14,human_review_required
asrt.7a8baf8a890625d38ee600f7,400,WATER_BODY_MENTION,கடல்,3,0,human_review_required
asrt.431fde0abc9b79c79a92232c,400,COMMUNITY_MENTION,மறவர்,18,0,human_review_required
