programme_id,work_id,work_order,source_object_order,source_object_id,project_madurai_id,source_url,title_as_printed,artifact_type,edition_type,commentary_present,selected_as_canonical,local_path,byte_size,sha256,retrieval_or_preservation_date
pathinenkilkanakku,acharakkovai,1,1,pmuni0024,pmuni0024,https://www.projectmadurai.org/pm_etexts/utf8/pmuni0024.html,ஆசாரக்கோவை,preserved HTML object,source-only electronic text,False,True,sources/raw-html/pathinenkilkanakku/pmuni0024.html,53610,d9256bb5837e4934142b58bf7e5def7db794fe5620a1475d78af10adac62cb5a,2026-07-29
sangam-core,aingurunuru,2,1,pmuni0028,pmuni0028,https://www.projectmadurai.org/pm_etexts/utf8/pmuni0028.html,ஐங்குறு நூறு,preserved HTML object,source-only electronic text,False,True,sources/raw-html/aingurunuru.html,201138,b1bbdbe90472ef28b617d32a7b8893b1f894f49afd9b4574e11501bd13e75ac9,2026-07-11
pathinenkilkanakku,aintinai-aimpathu,3,1,pmuni0027,pmuni0027,https://www.projectmadurai.org/pm_etexts/utf8/pmuni0027.html,ஐந்திணை ஐம்பது,preserved HTML object,source-only electronic text,False,True,sources/raw-html/pathinenkilkanakku/pmuni0027.html,97739,3b245f0f64191e63da31b5be5954142380ac428f348d5caf04a5747511a95ad3,2026-07-29
pathinenkilkanakku,aintinai-elupathu,4,1,pmuni0027,pmuni0027,https://www.projectmadurai.org/pm_etexts/utf8/pmuni0027.html,ஐந்திணை எழுபது,preserved HTML object,source-only electronic text,False,True,sources/raw-html/pathinenkilkanakku/pmuni0027.html,97739,3b245f0f64191e63da31b5be5954142380ac428f348d5caf04a5747511a95ad3,2026-07-29
sangam-core,akananuru,5,1,pmuni0229,pmuni0229,https://www.projectmadurai.org/pm_etexts/utf8/pmuni0229.html,அகநானுறு,preserved HTML object,source-only electronic text,False,True,sources/raw-html/akananuru.html,794903,0f2484a5b1b2df77fd43ab89a206f8f101bfa2d0161e6905f9822b08a04279cb,2026-07-13
pathinenkilkanakku,elati,6,1,pmuni0029,pmuni0029,https://www.projectmadurai.org/pm_etexts/utf8/pmuni0029.html,ஏலாதி,preserved HTML object,source-only electronic text,False,True,sources/raw-html/pathinenkilkanakku/pmuni0029.html,104087,57ee41487ccf6a9f3550f213e08c910ea0d18def047700cd16c0c71348bfdaef,2026-07-29
pathinenkilkanakku,iniyavai-narpathu,7,1,pmuni0025,pmuni0025,https://www.projectmadurai.org/pm_etexts/utf8/pmuni0025.html,இனியவை நாற்பது,preserved HTML object,source-only electronic text,False,True,sources/raw-html/pathinenkilkanakku/pmuni0025.html,71537,11efaae0d942d244ec6f051905b4cb00e1f0424741dc88d1448332a6eb767b9b,2026-07-29
pathinenkilkanakku,inna-narpathu,8,1,pmuni0025,pmuni0025,https://www.projectmadurai.org/pm_etexts/utf8/pmuni0025.html,இன்னா நாற்பது,preserved HTML object,source-only electronic text,False,True,sources/raw-html/pathinenkilkanakku/pmuni0025.html,71537,11efaae0d942d244ec6f051905b4cb00e1f0424741dc88d1448332a6eb767b9b,2026-07-29
pathinenkilkanakku,kainnilai,9,1,pmuni0051,pmuni0051,https://www.projectmadurai.org/pm_etexts/utf8/pmuni0051.html,கைந்நிலை,preserved HTML object,source-only electronic text,False,True,sources/raw-html/pathinenkilkanakku/pmuni0051.html,53443,4927a2832b00858bf358ca58120cfef4bfd1adae587cf9ea9eada98fd785b6c8,2026-07-29
pathinenkilkanakku,kalavazhi-narpathu,10,1,pmuni0025,pmuni0025,https://www.projectmadurai.org/pm_etexts/utf8/pmuni0025.html,களவழி நாற்பது,preserved HTML object,source-only electronic text,False,True,sources/raw-html/pathinenkilkanakku/pmuni0025.html,71537,11efaae0d942d244ec6f051905b4cb00e1f0424741dc88d1448332a6eb767b9b,2026-07-29
sangam-core,kalittokai,11,1,pmuni0221,pmuni0221,https://www.projectmadurai.org/pm_etexts/utf8/pmuni0221.html,கலித்தொகை,preserved HTML object,source-only electronic text,False,True,sources/raw-html/kalittokai.html,505220,da4b2182fca2066c3627f6c9207a01748e8e9fe75d005995d5cbb7397a263195,2026-07-29
pathinenkilkanakku,kar-narpathu,12,1,pmuni0029,pmuni0029,https://www.projectmadurai.org/pm_etexts/utf8/pmuni0029.html,கார் நாற்பது,preserved HTML object,source-only electronic text,False,True,sources/raw-html/pathinenkilkanakku/pmuni0029.html,104087,57ee41487ccf6a9f3550f213e08c910ea0d18def047700cd16c0c71348bfdaef,2026-07-29
sangam-core,kuruntokai,13,1,pmuni0110,pmuni0110,https://www.projectmadurai.org/pm_etexts/utf8/pmuni0110.html,குறுந்தொகை,preserved HTML object,source-only electronic text,False,True,sources/raw-html/kuruntokai.html,289003,9647aadead2f2c5b9a3b7740628a3edaee44988ec3131db7c5888f3fbcabc6f3,2026-07-12
pathinenkilkanakku,muthumozhi-kanchi,14,1,pmuni0025,pmuni0025,https://www.projectmadurai.org/pm_etexts/utf8/pmuni0025.html,முதுமொழிக் காஞ்சி,preserved HTML object,source-only electronic text,False,True,sources/raw-html/pathinenkilkanakku/pmuni0025.html,71537,11efaae0d942d244ec6f051905b4cb00e1f0424741dc88d1448332a6eb767b9b,2026-07-29
pathinenkilkanakku,naladiyar,15,1,pmuni0016,pmuni0016,https://www.projectmadurai.org/pm_etexts/utf8/pmuni0016.html,நாலடியார்,preserved HTML object,source-only electronic text,False,True,sources/raw-html/pathinenkilkanakku/pmuni0016.html,167532,5ab43427d8a5db080e88d762bbca318ed00773c368e491ca197c4918663f6772,2026-07-29
pathinenkilkanakku,nanmanikkadigai,16,1,pmuni0047,pmuni0047,https://www.projectmadurai.org/pm_etexts/utf8/pmuni0047.html,நான்மணிக்கடிகை,preserved HTML object,source-only electronic text,False,True,sources/raw-html/pathinenkilkanakku/pmuni0047.html,49865,87758515c8d2888e9fc7176f960ea0693f3accd8f0c33270651104d85cf05df5,2026-07-29
sangam-core,natrinai,17,1,pmuni0296,pmuni0296,https://www.projectmadurai.org/pm_etexts/utf8/pmuni0296.html,நற்றிணை,preserved HTML object,source-only electronic text,False,True,sources/raw-html/natrinai.html,505797,b3aa835398de5175523e9f000942ccd1944f5885b1f74f03bcb22ecd18a00277,2026-07-11
sangam-core,paripatal,18,1,pmuni0087,pmuni0087,https://www.projectmadurai.org/pm_etexts/utf8/pmuni0087.html,பரிபாடல்,preserved HTML object,source-only electronic text,False,True,sources/raw-html/paripatal.html,253119,07497b27fa06415c89e0023530d7599595521f400cc088cbaeaee9f2ea8e4fc9,2026-07-29
sangam-core,patirruppattu,19,1,pmuni0038,pmuni0038,https://www.projectmadurai.org/pm_etexts/utf8/pmuni0038.html,பதிற்றுப்பத்து,preserved HTML object,source-only electronic text,False,True,sources/raw-html/patirruppattu.html,236971,dc783dbf0141205625e7a27d9a14848b2dcef316e935dc66770f0ce082e012cc,2026-07-29
sangam-core,pattuppattu,20,1,pmuni0067,pmuni0067,https://www.projectmadurai.org/pm_etexts/utf8/pmuni0067.html,திருமுருகாற்றுப்படை,preserved HTML object,source-only electronic text,False,True,sources/raw-html/pattuppattu/pmuni0067.html,37174,71bffcff1089705c26b9bebb55c271b5d2563ac7011961159d646fda6dd8b17e,2026-07-28
sangam-core,pattuppattu,20,2,pmuni0063,pmuni0063,https://www.projectmadurai.org/pm_etexts/utf8/pmuni0063.html,பொருநர் ஆற்றுப்படை,preserved HTML object,source-only electronic text,False,True,sources/raw-html/pattuppattu/pmuni0063.html,27690,11ecc8aaf301e31ba8a6c764daeaf5f7b40641264e347a078192c3ad1696a216,2026-07-28
sangam-core,pattuppattu,20,3,pmuni0064,pmuni0064,https://www.projectmadurai.org/pm_etexts/utf8/pmuni0064.html,சிறுபாணாற்றுப்படை,preserved HTML object,source-only electronic text,False,True,sources/raw-html/pattuppattu/pmuni0064.html,30258,1b70442126bd19282c7b63fa9b085f902a98a98ca037001e078e1411ee28691a,2026-07-28
sangam-core,pattuppattu,20,4,pmuni0069,pmuni0069,https://www.projectmadurai.org/pm_etexts/utf8/pmuni0069.html,பெரும்பாணாற்றுப்படை,preserved HTML object,source-only electronic text,False,True,sources/raw-html/pattuppattu/pmuni0069.html,53301,940b899a89897ab7e27e0d6a760a4a31ccde1a3b5d7b313a504c3fa4ccdbcfd7,2026-07-28
sangam-core,pattuppattu,20,5,pmuni0488,pmuni0488,https://www.projectmadurai.org/pm_etexts/utf8/pmuni0488.html,முல்லைப்பாட்டு,preserved HTML object,commentary-bearing edition; literary text independently extractable,True,True,sources/raw-html/pattuppattu/pmuni0488.html,110495,a0d65a61de2f17954d7e46af68e47e554f56633b0bd1f444312e7dde572130a6,2026-07-28
sangam-core,pattuppattu,20,6,pmuni0071,pmuni0071,https://www.projectmadurai.org/pm_etexts/utf8/pmuni0071.html,மதுரைக் காஞ்சி,preserved HTML object,source-only electronic text,False,True,sources/raw-html/pattuppattu/pmuni0071.html,75590,d585df4e72f080201a5b73f23dd3516e886effbfa925a0d14d2329b30007eb35,2026-07-28
sangam-core,pattuppattu,20,7,pmuni0070,pmuni0070,https://www.projectmadurai.org/pm_etexts/utf8/pmuni0070.html,நெடுநல்வாடை,preserved HTML object,source-only electronic text,False,True,sources/raw-html/pattuppattu/pmuni0070.html,22761,218457eae65800ff6e5da1cae51dc7e4f9a20d3231d6ac667c48a4b552c084f6,2026-07-28
sangam-core,pattuppattu,20,8,pmuni0073,pmuni0073,https://www.projectmadurai.org/pm_etexts/utf8/pmuni0073.html,குறிஞ்சிப்பாட்டு,preserved HTML object,source-only electronic text,False,True,sources/raw-html/pattuppattu/pmuni0073.html,28849,c3da7dea3131b08a43cdc0fd8033a710a1915c9d260cf2f6364ff1bd3b639da4,2026-07-28
sangam-core,pattuppattu,20,9,pmuni0077,pmuni0077,https://www.projectmadurai.org/pm_etexts/utf8/pmuni0077.html,பட்டினப்பாலை,preserved HTML object,source-only electronic text,False,True,sources/raw-html/pattuppattu/pmuni0077.html,30044,65ed5106fab824881a54da897060db5c99a9ee2cd07321507324f01301d16289,2026-07-28
sangam-core,pattuppattu,20,10,pmuni0078,pmuni0078,https://www.projectmadurai.org/pm_etexts/utf8/pmuni0078.html,மலைபடுகடாம்,preserved HTML object,source-only electronic text,False,True,sources/raw-html/pattuppattu/pmuni0078.html,62100,1e18052b381cbcf1c032759a50ef81bd946e63b423b55f71d8bdcba33a4d7b3c,2026-07-28
pathinenkilkanakku,pazhamozhi-nanuru,21,1,pmuni0036,pmuni0036,https://www.projectmadurai.org/pm_etexts/utf8/pmuni0036.html,பழமொழி நானூறு,preserved HTML object,source-only electronic text,False,True,sources/raw-html/pathinenkilkanakku/pmuni0036.html,183434,a238f6c3eb3d3645b6344c73109b02673c567ed12289a0c24c4ab203622b6122,2026-07-29
sangam-core,purananuru,22,1,pmuni0057,pmuni0057,https://www.projectmadurai.org/pm_etexts/utf8/pmuni0057.html,புறநானூறு,Markdown/text export,source-only electronic text,False,True,sources/purananuru.md,618275,4d783669301ef2d6edb58b74c1c8de9660671571d174bd13d02c0dd8b1829129,2026-07-22
pathinenkilkanakku,sirupanchamulam,23,1,pmuni0029,pmuni0029,https://www.projectmadurai.org/pm_etexts/utf8/pmuni0029.html,சிறுபஞ்சமூலம்,preserved HTML object,source-only electronic text,False,True,sources/raw-html/pathinenkilkanakku/pmuni0029.html,104087,57ee41487ccf6a9f3550f213e08c910ea0d18def047700cd16c0c71348bfdaef,2026-07-29
pathinenkilkanakku,thinaimalai-nutraimbathu,24,1,pmuni0056,pmuni0056,https://www.projectmadurai.org/pm_etexts/utf8/pmuni0056.html,திணைமாலை நூற்றைம்பது,preserved HTML object,source-only electronic text,False,True,sources/raw-html/pathinenkilkanakku/pmuni0056.html,76223,29c2432a335f4818ef0a650c1ff7b5cf46c8484c810f15767de80e239955e31b,2026-07-29
pathinenkilkanakku,thinaimozhi-aimpathu,25,1,pmuni0027,pmuni0027,https://www.projectmadurai.org/pm_etexts/utf8/pmuni0027.html,திணை மொழி ஐம்பது,preserved HTML object,source-only electronic text,False,True,sources/raw-html/pathinenkilkanakku/pmuni0027.html,97739,3b245f0f64191e63da31b5be5954142380ac428f348d5caf04a5747511a95ad3,2026-07-29
pathinenkilkanakku,tirikatukam,26,1,pmuni0048,pmuni0048,https://www.projectmadurai.org/pm_etexts/utf8/pmuni0048.html,திரிகடுகம்,preserved HTML object,source-only electronic text,False,True,sources/raw-html/pathinenkilkanakku/pmuni0048.html,51162,c4d233ffa89b4e98bd98c2247d1611a044bc1d4f1309f0e1928ad6ab98e36f9f,2026-07-29
pathinenkilkanakku,tirukkural,27,1,pmuni0001,pmuni0001,https://www.projectmadurai.org/pm_etexts/utf8/pmuni0001.html,திருக்குறள்,preserved HTML object,source-only electronic text,False,True,sources/raw-html/pathinenkilkanakku/pmuni0001.html,301298,1d1704d1f2e6dd649d40f29253bb6cb1ac8a0e316841601e3b3223feac548f18,2026-07-29
